feature	metadata	value	coef	stderr	N	N.not.0	pval	qval
d__Bacteria.p__Firmicutes_A.c__Clostridia.o__Lachnospirales.f__Lachnospiraceae.g__Enterocloster.s__Enterocloster.sp900770345	Group	D	0.955340858744858	0.158382264182092	74	73	6.88228714599006e-08	0.00099001700595067
d__Bacteria.p__Firmicutes.c__Bacilli.o__Lactobacillales.f__Aerococcaceae.g__Granulicatella.s__Granulicatella.sp001058355	Group	D	2.05012505015916	0.402302049577051	74	31	2.82176939662207e-06	0.0160527396505909
d__Bacteria.p__Firmicutes_A.c__Clostridia.o__Oscillospirales.f__Ruminococcaceae.g__Ruthenibacterium.s__Ruthenibacterium.sp013316265	Group	C	2.41113344124038	0.485944465684922	74	45	4.71672804177862e-06	0.0160527396505909
d__Bacteria.p__Firmicutes.c__Bacilli.o__Lactobacillales.f__Streptococcaceae.g__Streptococcus.s__Streptococcus.parasanguinis_G	Group	D	2.28391559022518	0.471750044538807	74	48	7.44084815698077e-06	0.0160527396505909
d__Bacteria.p__Firmicutes.c__Bacilli.o__Lactobacillales.f__Streptococcaceae.g__Streptococcus.s__Streptococcus.sp001813295	Group	D	2.21686951571399	0.458981007441898	74	51	7.76682190181976e-06	0.0160527396505909
d__Bacteria.p__Bacteroidota.c__Bacteroidia.o__Bacteroidales.f__Bacteroidaceae.g__Prevotella.s__Prevotella.sp900769055	Group	C	-2.07838572930905	0.418196103624645	74	15	4.57284628686208e-06	0.0160527396505909
d__Bacteria.p__Firmicutes.c__Bacilli.o__Lactobacillales.f__Streptococcaceae.g__Streptococcus.s__Streptococcus.sp001578805	Group	D	2.03817492681507	0.422117417864734	74	30	7.81155214140676e-06	0.0160527396505909
d__Bacteria.p__Firmicutes_A.c__Clostridia.o__Lachnospirales.f__Lachnospiraceae.g__Anaerostipes.s__Anaerostipes.sp018381315	Group	D	1.86923146903658	0.390966274707691	74	37	9.33326138566726e-06	0.016782370629103
d__Bacteria.p__Firmicutes_A.c__Clostridia.o__Oscillospirales.f__Oscillospiraceae.g__NSJ.62.s__NSJ.62.sp014334055	Group	D	-1.72058201072882	0.370560899913778	74	61	1.55936411103429e-05	0.0224314527372282
d__Bacteria.p__Firmicutes.c__Bacilli.o__Lactobacillales.f__Streptococcaceae.g__Streptococcus.s__Streptococcus.sp900755085	Group	D	2.03800055974455	0.437575743408558	74	28	1.47899471989053e-05	0.0224314527372282
d__Bacteria.p__Firmicutes_A.c__Clostridia.o__Lachnospirales.f__Lachnospiraceae.g__Blautia.s__Blautia.sp900539145	Group	D	2.22385105803724	0.498810012261913	74	68	3.06995463310074e-05	0.0345789130270479
d__Bacteria.p__Firmicutes_A.c__Clostridia.o__Lachnospirales.f__CAG.274.g__Gallispira.s__Gallispira.sp905201505	Group	D	1.85817340150002	0.419171812786291	74	56	3.36534433353264e-05	0.0345789130270479
d__Bacteria.p__Firmicutes_A.c__Clostridia.o__Oscillospirales.f__Oscillospiraceae.g__ER4.s__ER4.sp900317525	Group	D	-1.76974864371113	0.396614305892179	74	74	3.02759968758604e-05	0.0345789130270479
d__Bacteria.p__Firmicutes.c__Bacilli.o__Lactobacillales.f__Aerococcaceae.g__Granulicatella.s__Granulicatella.sp001071995	Group	D	1.62159313537106	0.36468945400515	74	18	3.2042878454357e-05	0.0345789130270479
d__Bacteria.p__Firmicutes.c__Bacilli.o__Lactobacillales.f__Streptococcaceae.g__Streptococcus.s__Streptococcus.vestibularis	Group	D	1.28764373083652	0.296128038917497	74	74	4.5659960393793e-05	0.0364899183480396
d__Bacteria.p__Firmicutes_A.c__Clostridia.o__Oscillospirales.f__Oscillospiraceae.g__ER4.s__ER4.sp002437735	Group	D	-2.73088693098513	0.627629535430525	74	46	4.51963420583915e-05	0.0364899183480396
d__Bacteria.p__Firmicutes.c__Bacilli.o__Lactobacillales.f__Streptococcaceae.g__Streptococcus.s__Streptococcus.parasanguinis_C	Group	D	2.09179144271789	0.480051966507997	74	55	4.41839640485265e-05	0.0364899183480396
d__Bacteria.p__Firmicutes.c__Bacilli.o__Lactobacillales.f__Streptococcaceae.g__Streptococcus.s__Streptococcus.parasanguinis_E	Group	D	2.08383835133901	0.478027978073729	74	50	4.38974871548799e-05	0.0364899183480396
d__Bacteria.p__Firmicutes.c__Bacilli.o__Lactobacillales.f__Streptococcaceae.g__Lactococcus.s__Lactococcus.cremoris	Group	D	1.99276571708964	0.481451081605414	74	57	9.57883153957971e-05	0.0412099460158908
d__Bacteria.p__Firmicutes_A.c__Clostridia.o__Lachnospirales.f__Lachnospiraceae.g__Anaerostipes.s__Anaerostipes.rhamnosivorans	Group	D	1.76602354805118	0.427163630259163	74	28	9.74027225957796e-05	0.0412099460158908
d__Bacteria.p__Firmicutes_A.c__Clostridia.o__Lachnospirales.f__Lachnospiraceae.g__CAG.411.s__CAG.411.sp014799595	Group	D	1.23260778510113	0.289016195544338	74	9	6.14924955118122e-05	0.0412099460158908
d__Bacteria.p__Firmicutes_A.c__Clostridia.o__Lachnospirales.f__Lachnospiraceae.g__Lachnoclostridium_B.s__Lachnoclostridium_B.sp000765215	Group	D	1.43031730200632	0.336948158899667	74	68	6.59948153767105e-05	0.0412099460158908
d__Bacteria.p__Actinobacteriota.c__Coriobacteriia.o__Coriobacteriales.f__Coriobacteriaceae.g__Collinsella.s__Collinsella.sp900556285	Group	D	-2.06232696844197	0.495218380969194	74	41	8.76345139833943e-05	0.0412099460158908
d__Bacteria.p__Firmicutes.c__Bacilli.o__Lactobacillales.f__Aerococcaceae.g__Granulicatella.s__Granulicatella.adiacens_A	Group	D	1.46312946564463	0.346995696418834	74	18	7.29561366769843e-05	0.0412099460158908
d__Bacteria.p__Firmicutes.c__Bacilli.o__Lactobacillales.f__Streptococcaceae.g__Streptococcus.s__Streptococcus.parasanguinis	Group	D	1.94060974920439	0.456136068466401	74	66	6.38013834716968e-05	0.0412099460158908
d__Bacteria.p__Firmicutes.c__Bacilli.o__Erysipelotrichales.f__Erysipelotrichaceae.g__Bulleidia.s__Bulleidia.sp900554555	Group	D	1.81009767452734	0.436930426348884	74	40	9.4564062229875e-05	0.0412099460158908
d__Bacteria.p__Bacteroidota.c__Bacteroidia.o__Bacteroidales.f__W3P20.009.g__W3P20.009.s__W3P20.009.sp004552385	Group	D	-1.59742460325031	0.383243429157112	74	17	8.65063282353084e-05	0.0412099460158908
d__Bacteria.p__Firmicutes.c__Bacilli.o__Lactobacillales.f__Streptococcaceae.g__Streptococcus.s__Streptococcus.parasanguinis_D	Group	D	2.09618958721121	0.505575380455025	74	49	9.34497493803662e-05	0.0412099460158908
d__Bacteria.p__Firmicutes_A.c__Clostridia.o__Christensenellales.f__CAG.74.g__Aphodomonas.s__Aphodomonas.merdavium	Group	C	1.98083633488717	0.463810814303673	74	16	6.02074163307165e-05	0.0412099460158908
d__Bacteria.p__Firmicutes.c__Bacilli.o__Lactobacillales.f__Streptococcaceae.g__Streptococcus.s__Streptococcus.parasanguinis_B	Group	D	2.10777691077446	0.506842223535224	74	51	8.94463156905257e-05	0.0412099460158908
d__Bacteria.p__Firmicutes.c__Bacilli.o__Lactobacillales.f__Streptococcaceae.g__Streptococcus.s__Streptococcus.sp902373455	Group	D	1.93659327818506	0.466160811858418	74	41	9.08043340787324e-05	0.0412099460158908
d__Bacteria.p__Firmicutes.c__Bacilli.o__Lactobacillales.f__Streptococcaceae.g__Streptococcus.s__Streptococcus.sp902836505	Group	D	1.97086249294828	0.46618239318858	74	40	7.01502985438681e-05	0.0412099460158908
d__Bacteria.p__Firmicutes_A.c__Clostridia.o__Monoglobales.f__Monoglobaceae.g__Roslinia.s__Roslinia.caecavium	Group	C	1.884913307758	0.44637824524469	74	8	7.13965009387636e-05	0.0412099460158908
d__Bacteria.p__Actinobacteriota.c__Coriobacteriia.o__Coriobacteriales.f__Atopobiaceae.g__Lancefieldella.s__Lancefieldella.parvula	Group	D	1.7051448567463	0.411015228099483	74	20	9.2644879300545e-05	0.0412099460158908
d__Bacteria.p__Firmicutes_A.c__Clostridia.o__Lachnospirales.f__Lachnospiraceae.g__UBA9414.s__UBA9414.sp003458885	Group	D	1.06079673767347	0.257571024257206	74	74	0.000102941689980909	0.0415425768843881
d__Bacteria.p__Firmicutes_A.c__Clostridia.o__Lachnospirales.f__Lachnospiraceae.g__An181.s__An181.sp002160325	Group	D	1.34044452801168	0.326634910212101	74	52	0.000108338869629375	0.0415425768843881
d__Bacteria.p__Firmicutes_A.c__Clostridia.o__Lachnospirales.f__Lachnospiraceae.g__Ventrimonas.s__Ventrimonas.sp009911065	Group	D	1.44063924429331	0.351366187518102	74	30	0.000109740557636896	0.0415425768843881
d__Bacteria.p__Firmicutes.c__Bacilli.o__Lactobacillales.f__Streptococcaceae.g__Streptococcus.s__Streptococcus.sp003521145	Group	D	1.18347538919635	0.288007327162392	74	74	0.00010632593725371	0.0415425768843881
d__Bacteria.p__Firmicutes_A.c__Clostridia.o__Lachnospirales.f__Lachnospiraceae.g__Eubacterium_J.s__Eubacterium_J.sp910586045	Group	D	1.29333451194437	0.31669646514086	74	11	0.000116130251658485	0.0428341966694182
d__Bacteria.p__Actinobacteriota.c__Coriobacteriia.o__Coriobacteriales.f__Coriobacteriaceae.g__Collinsella.s__Collinsella.sp900549455	Age	Age	-0.69245769552895	0.170526069595908	74	63	0.000125822928919657	0.0441516661073986
d__Bacteria.p__Firmicutes_A.c__Clostridia.o__Christensenellales.f__CAG.74.g__Fimadaptatus.s__Fimadaptatus.faecigallinarum	Group	C	2.66772021571049	0.656964912601508	74	31	0.0001258406889401	0.0441516661073986
d__Bacteria.p__Firmicutes.c__Bacilli.o__Lactobacillales.f__Streptococcaceae.g__Streptococcus.s__Streptococcus.alactolyticus	Group	D	1.5032501443419	0.371357612113394	74	17	0.000131488345115459	0.0450347582020448
d__Bacteria.p__Firmicutes.c__Bacilli.o__Lactobacillales.f__Streptococcaceae.g__Streptococcus.s__Streptococcus.sp000187445	Group	D	1.3548122098669	0.335753107074587	74	74	0.000137451848445223	0.0459824381368494
d__Bacteria.p__Firmicutes.c__Bacilli.o__Lactobacillales.f__Streptococcaceae.g__Lactococcus.s__Lactococcus.hircilactis	Group	D	1.40182226275095	0.348019391632552	74	12	0.000140881263317959	0.0460585675642917
d__Bacteria.p__Firmicutes.c__Bacilli.o__Lactobacillales.f__Streptococcaceae.g__Streptococcus.s__Streptococcus.parasanguinis_A	Group	D	1.93718982814116	0.481943738348394	74	54	0.000145051644375412	0.0463681756520068
d__Bacteria.p__Firmicutes.c__Bacilli.o__Lactobacillales.f__Streptococcaceae.g__Streptococcus.s__Streptococcus.parasanguinis_F	Group	D	1.92380074420164	0.482723035142686	74	56	0.000163155508315826	0.0470701302443718
d__Bacteria.p__Firmicutes.c__Bacilli.o__Lactobacillales.f__Streptococcaceae.g__Streptococcus.s__Streptococcus.intermedius	Group	D	1.6304812477718	0.409205871709371	74	23	0.000163608377630767	0.0470701302443718
d__Bacteria.p__Firmicutes_A.c__Clostridia.o__Lachnospirales.f__Lachnospiraceae.g__Blautia_A.s__Blautia_A.excrementipullorum	Group	D	0.867443788028452	0.216875008972182	74	72	0.000155271893224891	0.0470701302443718
d__Bacteria.p__Firmicutes_A.c__Clostridia.o__Lachnospirales.f__Lachnospiraceae.g__Clostridium_Q.s__Clostridium_Q.symbiosum	Group	D	1.6907405661479	0.423099627535105	74	72	0.000157235523898772	0.0470701302443718
d__Bacteria.p__Firmicutes_A.c__Clostridia.o__Oscillospirales.f__Ruminococcaceae.g__Fournierella.s__Fournierella.excrementigallinarum	Group	C	1.30156439221712	0.326258251753784	74	9	0.000160900094213571	0.0470701302443718
